player,country,position,price,adjusted_projection,std_fp_last_5,gem_score_adj
AHMED QASIM,Iraq,0,4.4,2.79,2.236067977499789,18.31435624858301
AIMAR SHER,Iraq,3,5.3,1.38,0.4472135954999579,-58.84827568833917
AKRAM AFIF,Qatar,0,5.9,3.24,1.6431676725154991,-4.101065571705661
ALEX SANDRO,Brazil,1,4.5,3.72,5.718391382198319,49.46406529460664
ALI ALHAMADI,Iraq,2,4.7,2.21,1.22474487139159,-19.287351689044513
ALI JASIM,Iraq,0,4.9,2.19,0.5477225575051659,-27.559387359246294
ALI YOUSIF,Iraq,1,4.2,2.18,2.7748873851023217,-4.4392523364486
ALISSON,Brazil,2,3.8,4.23,2.509980079602227,82.48356298964657
Aaron HICKEY,Scotland,1,4.3,2.21,2.949576240750524,-6.416731742952869
Abbosbek FAYZULLAEV,Uzbekistan,0,6.2,3.16,2.408318915758459,-14.727813184875444
Abde EZZALZOULI,Morocco,0,5.3,3.41,3.71483512420134,15.050255686827725
Abdoulaye Seck,Senegal,1,3.8,3.8,4.03732584763727,76.54230798297101
Abdukodir KHUSANOV,Uzbekistan,1,4.3,3.94,3.2093613071762435,59.471118724336854
Abdul MUMIN,Ghana,1,3.7,2.24,0.547722557505168,17.093231226541047
Abdulla ABDULLAEV,Uzbekistan,0,4.2,2.44,1.7888543819998317,9.045393858477965
Achraf HAKIMI,Morocco,1,6.0,3.99,4.024922359499618,11.959971786281088
Adam AROUS,Tunisia,1,3.6,3.02,2.9495762407505257,57.03516638536917
Adam HLOZEK,Czechia,0,6.5,2.47,0.4472135954999594,-52.8232612036174
Adrien RABIOT,France,3,6.4,3.57,2.2360679774997902,-4.540015618308686
Aiden ONEILL,Australia,3,5.4,2.04,0.4472135954999571,-46.652769730710126
Aissa MANDI,Algeria,1,3.9,2.92,2.6832815729997477,42.92641761342168
Ajdin HRUSTIC,Australia,3,5.7,2.03,0.0,-55.610625488072145
Alan MINDA,Ecuador,0,4.9,2.37,1.224744871391589,-18.814394034813716
Aleksandar PAVLOVIC,Germany,3,5.5,2.37,1.7320508075688772,-35.189057107589996
Alessandro CIRCATI,Australia,1,3.9,2.53,3.361547262794323,24.435095851071868
Alessandro SCHOEPF,Austria,3,5.3,2.49,0.4472135954999579,-24.669370481396584
Alex ARCE,Paraguay,1,4.9,2.36,0.8366600265340749,-19.54870645136912
Alex BAENA,Spain,0,6.0,2.2,1.7320508075688774,-55.19623649142252
Alexander BERNHARDSSON,Sweden,0,4.9,4.16,5.215361924162119,42.267047887749705
Alexander Isak,Sweden,0,8.0,3.79,2.6076809620810586,-10.78796886414591
Alexander NUEBEL,Germany,2,4.7,2.59,0.8944271909999023,-1.1965639720885761
Alexander PRASS,Austria,3,4.3,1.9,0.4472135954999589,-17.698440688213218
Alexander SCHLAGER,Austria,2,4.6,2.76,1.3038404810405295,11.123006776330712
Alexander SORLOTH,Norway,0,6.8,2.64,4.722287581247039,-47.977177116658694
Alexandr SOJKA,Czechia,3,4.5,1.67,0.0,-30.308965413003506
Alexis MAC ALLISTER,Argentina,3,6.6,3.2,2.949576240750525,-19.929087840390963
Alexis SAELEMAEKERS,Belgium,3,5.7,2.39,0.5477225575051662,-40.65735446003475
Alfie JONES,Canada,1,3.8,3.72,3.361547262794322,75.40746152102174
Ali ABDI,Tunisia,1,4.1,2.87,4.722287581247038,33.71035594629316
Alidu SEIDU,Ghana,1,3.9,2.92,3.0822070014844876,42.92641761342168
Alistair JOHNSTON,Canada,1,4.0,3.65,4.024922359499622,65.31664861324533
Alphonso DAVIES,Canada,1,4.9,2.66,4.159326868617084,-4.9959694687255976
Alvaro FIDALGO,Mexico,3,6.4,2.67,0.547722557505166,-40.921858074917495
Amadou ONANA,Belgium,3,5.9,2.75,0.5477225575051662,-25.663148348741714
Amar DEDIC,Bosnia and Herzegovina,1,4.3,2.77,2.774887385102321,20.88633901806182
Amar MEMIC,Bosnia and Herzegovina,3,4.7,2.24,0.4472135954999579,-18.486283598256797
Amine GOUIRI,Algeria,0,6.2,2.92,2.6832815729997423,-26.07627780436809
Amir HADZIAHMETOVIC,Bosnia and Herzegovina,3,5.5,2.18,0.5477225575051662,-44.668362848577985
Amir MURILLO,Panama,1,5.0,2.75,1.516575088810303,-4.4367332544021
Anass SALAH EDDINE,Morocco,1,3.9,1.72,0.8366600265340649,-6.539536992719855
Andreas SCHJELDERUP,Norway,0,6.2,4.04,3.3166247903554,6.967780940625232
Andres ANDRADE,Panama,1,3.7,2.43,1.9493588689617924,26.63929264176134
Andres CUBAS,Paraguay,3,4.7,2.03,0.5477225575051662,-26.163186134972417
Andres GOMEZ,Colombia,0,4.9,2.57,1.7888543819998317,-8.400508854573395
Andy ROBERTSON,Scotland,1,5.0,3.01,4.39317652729776,7.712799455878276
Angelo PRECIADO,Ecuador,1,4.3,3.1,6.06630035524124,35.50583167493766
Angelo Stiller,Germany,3,5.8,1.99,0.0,-57.55409728694865
Angus Gunn,Scotland,2,3.6,2.47,1.1401754250991392,30.59991938937451
Anis HADJ MOUSSA,Algeria,0,5.3,3.31,2.68328157299975,12.246517369070716
Anis SLIMANE,Tunisia,3,5.3,2.17,0.4472135954999579,-41.22477769100939
Anthony ELANGA,Sweden,0,5.8,2.95,0.5477225575051659,-13.628863642088831
Anthony GORDON,England,0,7.0,4.37,3.1304951684997064,2.1449983625966524
Anthony RALSTON,Scotland,1,3.8,2.05,3.049590136395382,6.916139758671941
Anthony VALENCIA,Ecuador,0,4.2,3.5,3.361547262794322,53.97196261682244
Antoine MENDY,Senegal,1,3.7,2.85,2.3874672772626644,47.734085699171224
Antoine SEMENYO,Ghana,0,7.2,4.68,2.949576240750525,3.673451394311911
Antonio NUSA,Norway,0,6.1,2.73,3.8340579025361623,-32.25810514648463
Antonio RUEDIGER,Germany,1,5.5,2.76,3.2710854467592245,-15.696400231755547
Antonio SANABRIA,Paraguay,0,6.5,2.44,0.5477225575051662,-53.75784064286974
Ao TANAKA,Japan,3,5.0,2.45,0.0,-18.789203214348696
Ardon JASHARI,Switzerland,3,5.2,1.61,0.5477225575051656,-53.82018792352068
Arjany MARTHA,Curaçao,0,,1.25,0.4472135954999579,
Armando OBISPO,Curaçao,1,3.7,1.41,0.7071067811865476,-4.201828853565761
Armin GIGOVIC,Bosnia and Herzegovina,3,5.1,1.93,0.5477225575051704,-43.72055822858151
Arthur THEATE,Belgium,1,4.5,3.32,0.8366600265340728,37.848577978184736
Assane DIAO,Senegal,0,4.9,3.13,1.9493588689617924,17.76771544449202
Augustine BOAKYE,Ghana,0,4.9,2.72,0.7071067811865476,-1.2576517117162567
Aurele AMENDA,Switzerland,1,3.7,1.87,0.8366600265340709,4.075874751240648
Aurelien TCHOUAMENI,France,3,6.5,2.92,0.5477225575051676,-30.860644381187484
Awer MABIL,Australia,0,5.6,1.93,0.4472135954999579,-56.052094616721675
Axel WITSEL,Belgium,3,5.0,2.31,0.5477225575051662,-26.532861425296627
Ayase UEDA,Japan,0,7.0,5.21,4.658325879540846,7.0181625815552735
Aymeric LAPORTE,Spain,1,5.5,2.24,2.828427124746191,-41.3973348111948
Ayoub El Kaabi,Morocco,0,5.9,3.82,5.856620185738529,12.454341637907149
Ayumu SEKO,Japan,1,3.8,2.94,1.224744871391592,48.37141345693629
Ayyoub BOUADDI,Morocco,3,5.5,2.07,0.8944271909999159,-48.006146560193464
Aziz BEHICH,Australia,1,3.8,2.71,3.271085446759225,37.08970451167594
Azzedine OUNAHI,Morocco,3,6.2,2.32,0.0,-55.582285815049005
BERNARDO SILVA,Portugal,3,7.8,2.31,0.5477225575051659,-69.45738972718343
BREMER,Brazil,1,4.3,4.7,2.2360679774997885,67.34828828374938
BRUNO FERNANDES,Portugal,3,8.5,3.25,1.949358868961793,-27.353452401944736
BRUNO GUIMARAES,Brazil,3,6.8,3.54,1.516575088810312,-10.393732523868309
Bamba DIENG,Senegal,0,4.9,3.26,2.4899799195977463,22.64087966345064
Bara Sapoko NDIAYE,Senegal,3,4.5,1.57,0.5773502691896258,-31.51056754918508
Bart Verbruggen,Netherlands,2,4.7,3.68,3.3615472627943235,42.12786860468046
Ben GANNON-DOAK,Scotland,0,4.9,1.77,0.0,-39.9091870922236
Ben OLD,New Zealand,1,4.2,1.6,1.095445115010332,-20.193591455273697
Ben WAINE,New Zealand,0,4.2,4.86,2.588435821108957,72.79706275033378
Benjamin ASARE,Ghana,3,3.8,3.07,1.51657508881031,53.11106632743029
Benjamin NYGREN,Sweden,3,4.9,3.86,2.302172886644269,39.26304254729576
Benjamin TAHIROVIC,Bosnia and Herzegovina,3,5.3,1.94,0.8366600265340756,-47.633322417311135
Besfort ZENELI,Sweden,3,4.7,2.85,3.9749213828703582,12.154570874373377
Bilal EL KHANNOUSS,Morocco,3,6.2,2.54,2.04939015319192,-44.10030984709172
Borja IGLESIAS,Spain,0,6.8,2.11,2.9495762407505253,-72.47650955991637
Bradley BARCOLA,France,0,8.0,3.5,0.5477225575051645,-18.19784870393228
Brahim DIAZ,Morocco,0,6.4,2.81,1.7888543819998317,-33.31171121243418
Brandley KUWAS,Curaçao,0,4.4,1.36,1.2247448713915865,-31.218354031790817
Brandon MECHELE,Belgium,1,3.9,3.43,0.8944271909999132,63.01987555734691
Breel EMBOLO,Switzerland,0,7.5,2.09,2.3874672772626644,-76.85089553366753
Brian BROBBEY,Netherlands,0,5.7,4.24,2.387467277262665,20.891377182154827
Brian RODRIGUEZ,Uruguay,0,6.2,2.14,4.024922359499621,-64.12701211678466
Brice SAMBA,France,2,4.5,3.41,3.5071355833500353,40.18502657631559
Bukayo SAKA,England,0,9.5,4.33,3.714835124201342,-5.461999647328511
CASEMIRO,Brazil,3,6.3,3.55,2.9495762407505253,-4.264176134216683
CRISTIANO RONALDO,Portugal,0,10.0,4.69,2.3874672772626644,-2.6632994936645105
Caleb YIRENKYI,Ghana,3,4.7,3.11,3.1304951684997055,23.503035493866037
Callum McCOWATT,New Zealand,3,4.7,2.88,0.4472135954999579,13.289417336322643
Cameron BURGESS,Australia,1,3.8,2.67,6.06630035524124,34.88676726200972
Carl STARFELT,Sweden,1,4.1,3.78,2.3874672772626653,64.61823311585259
Carlens ARCUS,Haiti,1,3.8,1.94,2.9495762407505257,3.444844698591833
Carney CHUKWUEMEKA,Austria,3,5.0,2.25,0.4472135954999579,-28.936065697659775
Cedric ITTEN,Switzerland,0,5.4,1.96,2.16794833886788,-48.98921832884097
Cesar BLACKMAN,Panama,1,3.7,2.55,3.24037034920393,32.714058996901535
Cesar HUERTA,Mexico,0,6.3,3.25,0.8366600265340745,-13.943748897901614
Cesar MONTES,Mexico,1,4.7,4.71,3.5637059362410928,54.67793536035468
Chadi RIAD,Morocco,1,3.9,2.4,2.4899799195977463,17.559261405143967
Charles DE KETELAERE,Belgium,3,5.6,2.81,0.0,-16.532735471194307
Che Adams,Scotland,0,5.4,2.67,1.949358868961793,-18.415119530443107
Chemsdine TALBI,Morocco,0,4.4,2.94,2.5099800796022267,25.123435020278606
Cherif NDIAYE,Senegal,0,4.9,3.56,4.8270073544588685,31.919918381741688
Chris WOOD,New Zealand,0,6.5,3.39,2.5099800796022267,-12.56958964153462
Christian FASSNACHT,Switzerland,3,6.1,1.41,1.6431676725154984,-77.65196362445526
Christoph BAUMGARTNER,Austria,3,,3.25,2.0736441353327733,
Christopher Bonsu BAAH,Ghana,0,4.5,3.72,2.3874672772626644,49.46406529460664
Cody GAKPO,Netherlands,0,7.7,4.28,1.949358868961793,-2.6960475602690366
Connor METCALFE,Australia,3,5.3,1.52,0.7071067811865476,-56.91236113560219
Craig GORDON,Scotland,2,3.5,2.74,3.1304951684997047,46.444945461873694
Cristian ROMERO,Argentina,1,4.9,3.1,1.3416407864998732,16.09882358868429
Cristian VOLPATO,Australia,3,6.0,2.06,2.280350850198276,-60.33642340731037
Crysencio SUMMERVILLE,Netherlands,0,5.3,3.66,0.5477225575051669,22.994180920472573
Cucho HERNANDEZ,Colombia,0,6.3,4.72,4.7222875812470395,12.357986749628438
Cyle LARIN,Canada,0,6.2,3.82,2.073644135332772,3.9637756001712887
DANILO,Brazil,3,5.6,2.0,0.5477225575051661,-53.64889034435852
DANILO SANTOS,Brazil,3,5.6,2.17,0.5773502691896257,-49.17626017079377
DIOGO COSTA,Portugal,2,4.9,3.47,2.949576240750525,28.91591304128776
DIOGO DALOT,Portugal,1,5.0,2.77,2.7748873851023204,-2.9681084212912836
DOUGLAS SANTOS,Brazil,1,4.3,4.21,3.209361307176243,62.608635413255406
Daichi KAMADA,Japan,3,5.8,2.19,0.894427190999916,-51.27906390911153
Daizen MAEDA,Japan,0,5.0,4.6,3.714835124201342,42.292238708214725
Dan BURN,England,1,4.5,3.03,3.209361307176241,25.966067964833606
Dan NDOYE,Switzerland,0,6.8,1.75,0.5477225575051662,-82.42310502053053
Dani OLMO,Spain,3,7.7,1.88,1.095445115010332,-84.6052598433131
Daniel MUNOZ,Colombia,1,4.6,3.25,2.915475947422657,32.48482253066982
Daniel SVENSSON,Sweden,1,4.5,3.15,2.683281572999745,31.57354460034763
Danley JEAN JACQUES,Haiti,3,4.7,1.99,0.5477225575051662,-27.298032596921683
Darwin NUNEZ,Uruguay,0,7.5,5.2,0.0,4.324004332821119
David AFFENGRUBER,Austria,1,3.9,2.96,2.949576240750525,45.262866211552506
David ALABA,Austria,1,4.6,3.1,2.8284271247461903,26.54356752399427
David DOUDERA,Czechia,3,5.1,2.02,0.7071067811865475,-40.9168199108245
David JURASEK,Czechia,1,3.9,3.11,2.701851217221259,51.80492228631887
David MOLLER WOLFE,Norway,1,4.0,1.92,1.516575088810309,-5.844900118396856
David OSPINA,Colombia,2,4.0,3.39,2.701851217221259,56.97218933420662
David RAUM,Germany,1,4.9,3.29,3.9115214431215897,23.775726125399906
David RAYA,Spain,2,5.0,3.09,2.2360679774997907,10.917071819029147
David Zima,Czechia,1,3.9,3.32,4.219004621945797,59.74884751996372
Davinson SANCHEZ,Colombia,1,4.3,3.68,2.8809720581775857,54.9984885507721
Dayot UPAMECANO,France,1,5.3,4.23,2.509980079602227,31.4053958737436
Dean Henderson,England,2,4.2,3.31,0.7071067811865407,48.29773030707611
Declan RICE,England,3,7.0,2.66,0.4472135954999579,-48.05526866010027
Deiver MACHADO,Colombia,1,3.9,2.9,2.9154759474226504,42.125349522633954
Denil CASTILLO,Ecuador,3,4.9,2.3,2.509980079602227,-22.552711791823064
Denis VISINSKY,Czechia,3,4.9,2.41,2.6076809620810595,-16.74496813361211
Denis ZAKARIA,Switzerland,3,6.1,1.59,0.4472135954999579,-75.51578204902134
Deniz UNDAV,Germany,0,6.6,3.59,2.5099800796022276,-7.445776758949037
Dennis HADZIKADUNIC,Bosnia and Herzegovina,1,3.7,2.32,1.1401754250991414,20.698037635085775
Denzel DUMFRIES,Netherlands,1,5.7,3.0,4.615192303685729,-11.218102123586156
Derek CORNELIUS,Canada,1,4.0,3.89,4.0,70.12305715797164
Derrick LUCKASSEN,Ghana,1,3.7,3.51,2.387467277262664,72.70070786205505
Desire DOUE,France,0,7.5,5.12,2.302172886644267,4.190492984356496
Deveron FONVILLE,Curaçao,1,3.7,1.27,1.3416407864998738,-5.2699196412827165
Diego MOREIRA,Belgium,3,4.7,2.9,3.8340579025361623,13.82346273018112
Djed SPENCE,England,1,4.5,2.2,2.949576240750528,-13.686802529158378
Djibril SOW,Switzerland,3,6.1,1.75,1.9235384061671332,-71.91097564047662
Dodi LUKEBAKIO,Belgium,0,5.9,2.66,0.0,-30.669823916164944
Donyell Malen,Netherlands,0,6.1,4.86,4.604345773288535,17.608383505050753
Dostonbek Khamdamov,Uzbekistan,0,5.1,2.12,0.5477225575051661,-38.246592941532114
Duckens NAZON,Haiti,0,6.0,3.18,2.5099800796022262,-8.200241831876454
Dylan BRONN,Tunisia,1,3.6,2.41,1.3038404810405315,27.729425397385196
Dzenis BURNIC,Bosnia and Herzegovina,3,4.9,1.92,1.140175425099138,-36.43789203214349
EDERSON,Brazil,2,5.0,4.17,2.828427124746188,38.01987555734689
EDMILSON JUNIOR,Qatar,0,4.9,3.53,1.3416407864998734,31.11885029095398
EMAM ASHOUR,Egypt,3,4.6,2.6,2.1908902300206643,3.17908154268585
ENDRICK,Brazil,0,5.5,4.34,3.271085446759225,28.29558908733658
Eberechi EZE,England,3,8.0,2.72,0.5477225575051566,-49.57301559311787
Edgardo FARINA,Panama,1,3.9,2.37,3.5777087639996648,16.02388089780084
Edin DZEKO,Bosnia and Herzegovina,0,6.1,2.18,0.4472135954999579,-59.62793158173163
Edouard MENDY,Senegal,2,4.5,3.5,2.738612787525831,43.055520568304914
Edson ALVAREZ,Mexico,3,6.0,2.59,1.7888543819998317,-36.304380683678865
El Hadji Malick DIOUF,Senegal,1,4.1,2.34,2.683281572999747,6.80781923067234
Eldor SHOMURODOV,Uzbekistan,0,6.5,5.08,5.176871642217914,10.728140665541488
Elias ACHOURI,Tunisia,0,4.8,3.61,0.4472135954999579,36.62241479204977
Elias SAAD,Tunisia,0,4.5,2.5,0.7071067811865483,1.0662014761820728
Elijah JUST,New Zealand,0,4.2,4.1,1.949358868961793,65.52069425901202
Elisha OWUSU,Ghana,3,5.3,2.43,0.0,-27.67337582185052
Elliot ANDERSON,England,3,6.5,3.65,2.9495762407505253,-4.225130362495904
Ellyes SKHIRI,Tunisia,3,4.7,2.34,0.5477225575051662,-13.946897750459733
Eloy ROOM,Curaçao,2,3.9,1.35,2.07364413533277,-12.147013628233873
Emiliano MARTINEZ,Argentina,2,4.7,3.64,2.549509756796392,40.725999445801946
Emiliano MARTINEZ,Uruguay,2,4.7,2.79,2.549509756796392,9.217321208151745
Enner VALENCIA,Ecuador,0,5.9,3.37,2.79284800875379,0.037786230697534506
Enzo FERNANDEZ,Argentina,3,7.5,4.55,3.7013511046643495,0.9194649469733207
Eray COEMERT,Switzerland,1,3.9,2.04,2.966479394838264,2.6059903771065827
Eric GARCIA,Spain,1,4.5,2.67,2.701851217221261,8.943371035594623
Eric SMITH,Sweden,1,4.9,3.11,2.949576240750523,16.96664735370431
Erling HAALAND,Norway,0,10.5,8.09,3.3166247903553994,-0.13225180744137788
Ermedin DEMIROVIC,Bosnia and Herzegovina,0,6.2,3.82,3.605551275463988,3.9637756001712887
Ernest NUAMAH,Ghana,0,5.0,2.42,0.4472135954999598,-20.52485074438875
Esmir BAJRAKTAREVIC,Bosnia and Herzegovina,0,4.7,3.84,8.843076387773658,45.532407990528256
Exequiel PALACIOS,Argentina,3,6.0,2.5,0.4472135954999579,-40.44323248608207
Ezri KONSA,England,1,4.8,3.99,2.5099800796022262,43.69851626067461
FABINHO,Brazil,3,5.2,3.11,0.5477225575051659,7.060986976345816
FRANCISCO CONCEICAO,Portugal,0,5.7,2.88,0.4472135954999579,-16.158022016777082
FRANCISCO TRINCAO,Portugal,3,5.9,2.79,2.3874672772626635,-22.992921379449328
Fabian BALBUENA,Paraguay,1,4.0,2.6,2.6076809620810586,23.327329521122504
Fabian RIEDER,Switzerland,3,6.2,1.96,4.024922359499622,-68.73315363881403
Fabian RUIZ,Spain,3,6.8,1.7,0.8944271909999163,-83.75821850517671
Facundo MEDINA,Argentina,1,4.0,3.0,3.0331501776206173,42.28594100309847
Facundo PELLISTRI,Uruguay,0,5.2,2.48,1.3416407864998738,-23.179333450890503
Fares CHAIBI,Algeria,3,6.2,1.74,0.5477225575051667,-75.27520971358038
Fares GHEDJEMIS,Algeria,0,4.4,1.75,0.0,-24.943320653953702
Federico VALVERDE,Uruguay,3,7.5,2.55,1.9493588689617944,-55.02179005970224
Federico VINAS,Uruguay,0,5.9,2.4,0.4472135954999592,-42.952867974909935
Felix NMECHA,Germany,3,5.6,1.92,0.4472135954999579,-56.58614001058015
Fernando MUSLERA,Uruguay,2,4.1,3.1,5.319774431308154,43.38992870997809
Ferran TORRES,Spain,0,7.8,2.61,3.70135110466435,-54.30385167644911
Findlay CURTIS,Scotland,0,4.0,3.11,2.5099800796022267,47.55963926745095
Florian GRILLITSCH,Austria,3,5.5,3.3,3.577708763999663,7.73484142378517
Florian WIEGELE,Austria,2,3.5,3.39,2.880972058177586,73.41423785172682
Florian WIRTZ,Germany,3,7.5,2.58,2.387467277262664,-53.619920900823736
Frantzdy Pierrot,Haiti,0,4.7,1.64,0.0,-36.977605360606596
Fredrik AURSNES,Norway,3,6.5,2.24,0.5477225575051663,-63.971458800413124
Frenkie DE JONG,Netherlands,3,7.0,2.15,0.0,-72.62135677759025
GABRIEL MARTINELLI,Brazil,0,6.5,2.99,0.7071067811865483,-27.789883366501243
GAVI,Spain,3,6.5,1.74,0.5477225575051662,-80.05957629039978
GONCALO GUEDES,Portugal,0,5.8,3.3,4.8476798574163285,0.3898279466962151
GONCALO INACIO,Portugal,1,4.6,3.43,3.563705936241092,38.62634456004233
GONCALO RAMOS,Portugal,0,7.5,2.78,2.073644135332772,-43.539814091744965
Gabriel GUDMUNDSSON,Sweden,1,4.2,3.76,6.841052550594828,60.981308411214954
George HIRST,Scotland,0,4.6,2.54,1.8708286933869704,0.5088545733934637
Geronimo RULLI,Argentina,2,4.5,3.1,2.6076809620810595,29.036828979519868
Gervane KASTANEER,Curaçao,0,4.0,1.79,2.23606797749979,-8.982416807315413
Gessime YASSINE,Morocco,0,4.0,2.55,1.095445115010332,21.191147945688595
Gideon MENSAH,Ghana,1,3.9,3.03,3.082207001484488,47.86633750661258
Giorgian DE ARRASCAETA,Uruguay,3,6.5,1.81,3.2145502536643185,-78.1904174118951
Giovani Lo Celso,Argentina,3,6.2,2.34,1.4832396974191324,-54.647706375796666
Giuliano SIMEONE,Argentina,0,5.6,2.7,0.4472135954999636,-22.340479129405253
Godfried ROEMERATOE,Curaçao,3,4.7,1.17,2.345207879911715,-41.18321283724211
Gonzalo MONTIEL,Argentina,1,4.3,2.77,4.037325847637268,20.88633901806182
Gonzalo PLATA,Ecuador,0,5.6,3.49,4.08656334834051,9.568733153638803
Granit XHAKA,Switzerland,3,6.2,1.74,1.095445115010332,-75.27520971358038
Grant Hanley,Scotland,1,3.5,2.96,3.5071355833500375,57.4596317102048
Gregor KOBEL,Switzerland,2,4.7,2.17,2.7018512172212605,-22.49162405219538
Guillermo MARTINEZ,Mexico,1,4.7,3.09,3.898717737923586,21.900899312290605
Guillermo OCHOA,Mexico,2,4.2,3.27,3.346640106136301,46.96261682242991
Guillermo VARELA,Uruguay,1,4.2,2.38,2.607680962081061,5.574098798397863
Gustaf LAGERBIELKE,Sweden,1,3.7,3.5,2.701851217221258,72.2334181424289
Gustaf NILSSON,Sweden,0,4.9,2.09,0.4472135954999579,-31.230949442023327
Gustavo GOMEZ,Paraguay,1,4.6,2.8,3.24037034920393,13.659722397158482
Gustavo PUERTA,Colombia,3,5.3,2.1,0.4472135954999579,-43.09393656951407
Guus TIL,Netherlands,3,4.9,3.91,2.1213203435596433,39.86384361538655
HAMZA ABDELKARIM,Egypt,1,4.3,3.1,1.7888543819998317,35.50583167493766
HUSSEIN ALI,Iraq,1,3.6,1.51,0.8944271909999159,-0.44146912864952004
Habib DIARRA,Senegal,3,6.2,2.19,1.8165902124584952,-61.7238078444215
Haissem HASSAN,Egypt,0,4.6,2.52,0.4472135954999579,-0.49248054009118647
Hannes DELCROIX,Haiti,1,3.7,2.03,1.4832396974191324,9.416328689825427
Hans VANAKEN,Belgium,3,5.5,3.1,0.0,-0.2758394840919891
Haris TABAKOVIC,Bosnia and Herzegovina,0,5.1,3.08,2.073644135332771,7.013754187973895
Harry KANE,England,0,10.5,4.67,6.503845016603639,-3.737058215986096
Harry SOUTTAR,Australia,1,4.1,2.31,3.2093613071762426,5.205683049096905
Hazem MASTOURI,Tunisia,0,4.2,3.26,1.816590212458495,46.49532710280374
Hicham BOUDAOUI,Algeria,3,5.5,1.86,0.4472135954999578,-54.54820263495982
Hiroki ITO,Japan,1,3.9,3.58,3.6742346141747673,67.82628410207322
Hjalmar EKDAL,Sweden,1,3.7,3.12,1.1401754250991365,59.61659571252236
Houssem Aouar,Algeria,3,6.0,1.77,0.5477225575051656,-68.48061566365216
IBRAHIM BAYESH,Iraq,1,5.6,2.19,3.0,-47.70763533768296
IBRAHIM SABRA,Jordan,0,4.4,1.99,2.23606797749979,-18.200997556490417
IBRAHIM SADEH,Jordan,0,4.4,2.86,0.7071067811865472,21.718895634430815
IGOR THIAGO,Brazil,0,5.9,5.04,2.387467277262667,23.86956193163212
Ibrahim MAZA,Algeria,3,5.4,2.14,1.3416407864998738,-44.3830768068116
Ibrahim MBAYE,Senegal,0,4.4,2.85,3.03315017762062,21.251605914804642
Ibrahima KONATE,France,1,4.9,3.82,1.414213562373086,38.128196085346495
Iliman NDIAYE,Senegal,0,6.5,3.41,0.0,-11.701765876514585
Inaki WILLIAMS,Ghana,0,5.9,3.39,2.5099800796022267,0.7053429730206346
Isak HIEN,Sweden,1,4.1,2.53,0.8366600265340699,16.88792603975111
Ismael GHARBI,Tunisia,0,4.6,3.57,2.6076809620810595,42.83195203667783
Ismael KONE,Canada,3,6.0,2.75,0.5477225575051655,-28.56072247273093
Ismael SAIBARI,Morocco,3,6.8,4.38,5.594640292279746,3.6249590649167374
Ismail JAKOBS,Senegal,1,4.1,2.67,3.1937438845342627,23.296470766052845
Ismaila SARR,Senegal,0,6.2,3.75,3.1304951684997047,2.8289291382220227
Issa Diop,Morocco,1,4.5,2.41,0.5477225575051654,-3.806962742776534
Ivan BASIC,Bosnia and Herzegovina,3,5.1,3.51,2.302172886644267,22.76809330679899
Ivan SUNJIC,Bosnia and Herzegovina,3,5.1,2.37,0.5477225575051662,-26.631105625110216
Ivan TONEY,England,0,7.5,3.65,0.547722557505157,-10.896289392145505
JOAO CANCELO,Portugal,1,5.3,3.57,3.8078865529319534,20.190442602715564
JOAO FELIX,Portugal,0,6.5,2.74,2.8284271247461903,-39.53888203138776
JOAO NEVES,Portugal,3,6.5,2.36,2.5099800796022267,-58.49749351336372
JOSE SA,Portugal,2,4.7,2.57,1.4142135623730965,-1.8641207144116692
Jack Hendry,Scotland,1,3.9,2.65,3.577708763999664,29.17474872156586
Jackson IRVINE,Australia,3,5.6,2.1,1.3416407864998738,-51.045419049298445
Jackson POROZO,Ecuador,1,3.8,2.44,2.588435821108957,24.072348036375537
Jaloliddin Masharipov,Uzbekistan,0,6.1,3.16,1.095445115010332,-11.897624505630162
Jamal MUSIALA,Germany,3,8.0,2.36,0.4472135954999474,-67.86407033277074
James RODRIGUEZ,Colombia,3,6.5,2.17,0.0,-67.9767992543517
James TRAFFORD,England,2,4.0,4.5,2.7386127875258306,76.7318689069703
Jamie LEWELING,Germany,0,6.4,3.31,1.870828693386972,-12.483940851953534
Jan KUCHTA,Czechia,0,5.5,4.48,3.7815340802378064,29.497191223518158
Jan Paul VAN HECKE,Netherlands,1,4.3,3.67,3.420526275297414,54.79822152807517
Jaouen HADJAM,Algeria,1,3.8,2.29,3.286335345030997,15.994911454266065
Jarell QUANSAH,England,1,4.4,3.41,0.9999999999999992,42.88044436607301
Jaroslav ZELENY,Czechia,1,3.9,1.88,1.7888543819998313,-3.0014862584074375
Jean-Kevin DUVERNE,Haiti,1,3.8,1.75,3.1304951684997055,-1.6953422172960178
Jean-Philippe MATETA,France,0,6.5,3.43,2.073644135332772,-10.767186437262254
Jean-Ricner Bellegarde,Haiti,3,4.7,1.94,1.6431676725154982,-28.900168778497118
Jefferson LERMA,Colombia,3,4.9,2.28,0.8944271909999167,-23.353779882610777
Jens Petter HAUGE,Norway,0,5.9,4.47,2.949576240750525,19.997732826158156
Jeremy AREVALO,Ecuador,0,4.0,1.46,1.3416407864998738,-15.057183162455601
Jeremy Antonisse,Curaçao,0,4.0,1.45,0.5477225575051673,-15.19069451092022
Jeremy DOKU,Belgium,0,7.5,4.61,4.658325879540846,1.2532433181348779
Jerome OPOKU,Ghana,1,3.8,3.57,4.086563348340512,71.26860971861853
Jesper KARLSTROM,Sweden,3,5.6,2.51,0.4472135954999579,-31.619517847696308
Jhon ARIAS,Colombia,0,6.3,3.4,4.242640687119285,-9.137340353175304
Jhon CORDOBA,Colombia,0,6.1,5.38,3.4928498393145975,18.943496989696953
Jhon LUCUMI,Colombia,1,4.3,3.51,3.4928498393145957,49.99181298334886
Jindrich STANEK,Czechia,2,4.0,3.21,3.209361307176243,51.631735395621845
Joan GARCIA,Spain,2,4.0,2.99,2.738612787525831,41.751895609239995
Joaquin PIQUEREZ,Uruguay,1,4.5,2.39,3.2145502536643185,-4.808297856261181
Joaquin SEYS,Belgium,1,3.9,2.76,1.224744871391572,35.51653777363529
Joe BELL,New Zealand,3,5.1,3.21,2.8284271247461903,13.222031891578709
Joel ORDONEZ,Ecuador,1,3.9,3.15,3.2710854467592254,53.47381414212661
Johan MANZAMBI,Switzerland,3,5.6,2.26,2.449489742783178,-44.36985162606747
Johan MOJICA,Colombia,1,3.9,3.57,3.5637059362410906,67.22548303398241
Johan VASQUEZ,Mexico,1,4.7,4.19,2.5099800796022267,49.40423709600222
John McGinn,Scotland,3,6.0,3.63,3.7682887362833544,5.284404363050115
John SOUTTAR,Scotland,1,3.8,2.17,1.30384048104053,9.85338942489357
John STONES,England,1,4.6,3.15,3.2403703492039297,29.080283144822033
John YEBOAH,Ecuador,0,5.1,2.72,1.7888543819998317,-9.074363302012756
Johny Placide,Haiti,2,3.9,2.44,2.387467277262665,20.02922135173942
Jonas ADJETEY,Ghana,1,3.5,1.69,1.140175425099138,4.655893392447792
Jonathan DAVID,Canada,0,7.0,3.74,2.509980079602227,-6.199460916442064
Jonathan OSORIO,Canada,3,5.6,2.75,1.6431676725154984,-20.137541879739032
Jonathan TAH,Germany,1,5.3,2.39,1.643167672515493,-29.94306874574905
Jordan AYEW,Ghana,0,5.3,3.28,2.5099800796022262,11.245182255586059
Jordan BOS,Australia,1,4.0,3.23,4.4721359549995805,51.96551376678339
Jordan HENDERSON,England,3,5.1,2.43,0.8944271909999159,-23.29332191349473
Jordan PICKFORD,England,2,4.8,3.05,0.5477225575051662,16.662468196589167
Jordy CAICEDO,Ecuador,0,4.9,2.51,0.5477225575051664,-11.471269869259643
Jorge CARRASCAL,Colombia,3,6.1,3.07,4.123105625617661,-17.104567095750312
Jorge GUTIERREZ,Panama,0,3.5,2.56,2.6076809620810586,38.10048618283498
Jorge SANCHEZ,Mexico,1,4.0,4.37,2.7928480087537886,75.79728946771796
Jorgen STRAND LARSEN,Norway,0,5.6,2.37,0.5477225575051681,-38.96264201325038
Jorrel HATO,Netherlands,1,4.3,3.52,0.7071067811865485,50.2588356802781
Jose Luis RODRIGUEZ,Panama,0,5.6,3.84,1.7888543819998322,18.847771871929865
Jose Manuel LOPEZ,Argentina,0,5.3,2.66,2.6457513110645907,-17.192734967377888
Jose Maria GIMENEZ,Uruguay,1,4.4,2.03,3.563705936241091,-17.06615109454115
Joseph ANANG,Ghana,2,3.6,3.45,3.898717737923586,72.9230168526589
Joshua BRENET,Curaçao,1,3.7,1.34,3.346640106136301,-5.0696526185857875
Joshua KIMMICH,Germany,3,5.5,2.69,3.0495901363953815,-19.03418394337104
Josue CASIMIR,Haiti,0,4.2,1.79,0.4472135954999579,-15.720961281708945
Juan Jose CACERES,Paraguay,1,3.8,2.56,3.535533905932736,29.9468473688188
Juan MUSSO,Argentina,2,4.3,2.96,3.911521443121589,29.831599365191323
Jude BELLINGHAM,England,3,8.3,3.48,2.16794833886788,-19.87555734690278
Juergen LOCADIA,Curaçao,0,,1.44,2.23606797749979,
Jules KOUNDE,France,1,5.4,4.68,2.7018512172212534,33.053505302667716
Julian ALVAREZ,Argentina,0,8.6,5.55,2.1908902300206634,0.9496939315313426
Julian RYERSON,Norway,1,4.2,3.08,3.8470768123342673,38.684913217623496
Julio ENCISO,Paraguay,3,6.6,2.34,2.6832815729997477,-61.184094515958385
Juninho BACUNA,Curaçao,3,5.1,1.47,1.6431676725154982,-53.2666196438018
Junior ALONSO,Paraguay,1,4.1,2.91,3.286335345030995,34.91195808247474
Junnosuke SUZUKI,Japan,1,3.5,2.99,1.6431676725154984,58.19394412676021
Junya ITO,Japan,0,5.0,2.87,0.7071067811865441,1.9718114718996347
Jurien GAARI,Curaçao,1,3.5,1.68,5.916079783099616,4.121847998589314
Jurrien TIMBER,Netherlands,1,5.2,3.64,4.183300132670377,24.283950928281726
Justin KLUIVERT,Netherlands,3,6.5,2.69,2.863564212655266,-41.60830793258936
KARIM HAFEZ,Egypt,1,3.9,2.2,1.0000000000000058,8.213467012620601
KEVIN YAKOB,Iraq,3,5.1,2.82,5.495452665613635,-3.533642340731042
Kai HAVERTZ,Germany,0,7.8,2.93,2.7748873851023212,-38.61626823185632
Kaishu SANO,Japan,3,4.9,2.85,1.3416407864998738,5.618182734211651
Kalidou KOULIBALY,Senegal,1,4.9,3.53,2.07364413533277,31.11885029095398
Kamaldeen SULEMANA,Ghana,0,5.1,3.05,0.547722557505166,5.678640703327709
Keisuke GOTO,Japan,0,4.2,4.07,3.033150177620621,65.32042723631508
Keito Nakamura,Japan,0,5.5,4.15,4.722287581247038,25.62536211804418
Ken SEMA,Sweden,1,6.0,2.94,4.795831523312719,-19.081416731742948
Kendry PAEZ,Ecuador,3,5.2,1.5,0.0,-55.02179005970225
Kenji GORRE,Curaçao,0,4.2,1.51,1.8708286933869709,-21.061415220293725
Kenny McLEAN,Scotland,3,4.8,1.94,0.547722557505166,-32.269441015693886
Kento SHIOGAI,Japan,0,4.0,2.24,0.4472135954999579,5.57032017532811
Kerim ALAJBEGOVIC,Bosnia and Herzegovina,0,4.2,3.48,4.8270073544588685,53.237650200267026
Kevin CASTANO,Colombia,3,4.3,2.28,1.7320508075688772,-3.9467717963574067
Kevin DE BRUYNE,Belgium,3,7.5,3.26,3.834057902536163,-22.979066428193562
Kevin Danso,Austria,1,4.3,3.14,2.387467277262665,37.441746227674635
Kevin FELIDA,Curaçao,3,4.5,1.12,0.5477225575051662,-35.38239665465905
Kevin RODRIGUEZ,Ecuador,0,4.9,2.27,0.5477225575051693,-23.887825276469258
Kieran Tierney,Scotland,1,4.3,3.12,2.509980079602227,36.90770083381616
Kobbie MAINOO,England,3,6.1,3.07,2.3874672772626644,-17.104567095750312
Kojo Peprah OPPONG,Ghana,1,3.5,3.28,2.387467277262665,70.47698818550519
Koki OGAWA,Japan,0,4.9,2.6,2.2360679774997902,-7.2656623926241295
Koni DE WINTER,Belgium,1,4.2,3.15,1.3038404810405304,42.489986648865155
Konrad LAIMER,Austria,1,5.8,3.33,2.7018512172212548,1.5914300828777925
Kosta BARBAROUSES,New Zealand,0,4.4,2.79,0.5477225575051662,18.31435624858301
Kou ITAKURA,Japan,1,4.5,2.64,2.8284271247461903,6.807189460160714
Krepin DIATTA,Senegal,3,6.1,1.65,0.4472135954999579,-74.71471395823363
Kristian Thorstvedt,Norway,3,6.2,2.81,2.16794833886788,-30.54890797793285
Kristoffer AJER,Norway,1,4.3,2.14,4.09878030638384,-10.555583545356075
Kristoffer NORDFELDT,Sweden,2,3.9,3.39,3.3615472627943217,61.21747235307454
Kwasi SIBO,Ghana,3,4.7,2.2,0.5477225575051662,-20.08841977983223
Kylian MBAPPE,France,0,10.5,8.65,2.5099800796022262,0.13477088948786786
LEO PEREIRA,Brazil,0,4.2,2.9,0.5477225575051661,31.141522029372496
LUCAS MENDES,Qatar,1,3.8,3.08,2.16794833886788,53.71186739552107
LUCAS PAQUETA,Brazil,3,6.5,3.99,3.5777087639996634,1.5826132957150492
LUIZ HENRIQUE,Brazil,3,6.1,2.13,0.5773502691896257,-61.630601808700916
Ladislav KREJCI,Czechia,3,4.4,2.28,0.4472135954999579,-7.720356702017785
Lamine CAMARA,Senegal,3,6.2,2.38,2.6076809620810595,-52.444769126130446
Lamine YAMAL,Spain,0,10.0,3.42,5.04975246918104,-22.623246089125132
Lautaro MARTINEZ,Argentina,0,8.8,5.02,3.834057902536163,-0.25316774567347977
Lawrence SHANKLAND,Scotland,0,5.5,4.19,3.316624790355399,26.493185883064214
Leandro BACUNA,Curaçao,3,4.0,1.75,4.08656334834051,-9.98375192080006
Leandro PAREDES,Argentina,3,5.6,2.41,3.1144823004794877,-36.893216112048776
Leandro TROSSARD,Belgium,0,6.6,3.64,2.345207879911715,-6.511197319696706
Lennart KARL,Germany,3,,2.57,3.4351128074635335,
Lenny JOSEPH,Haiti,0,4.2,1.77,0.0,-16.054739652870495
Leo OSTIGARD,Norway,1,4.1,2.76,2.607680962081059,27.969367962314532
Leon GORETZKA,Germany,3,6.1,2.99,4.658325879540846,-20.175328110436567
Leonardo BALERDI,Argentina,1,,3.08,2.701851217221259,
Leroy SANE,Germany,0,7.4,2.98,2.3874672772626644,-33.71665365140943
Lewis FERGUSON,Scotland,3,4.8,2.2,0.547722557505166,-23.457692017028997
Liam KELLY,Scotland,3,3.7,3.15,4.827007354458868,60.75144217447163
Liam MILLAR,Canada,0,5.1,3.16,0.5477225575051646,11.619895710003263
Liberato CACACE,New Zealand,1,4.1,3.12,1.7320508075688774,44.79179786885659
Lionel MESSI,Argentina,0,10.0,4.81,2.9495762407505373,-1.6619643801798532
Lisandro MARTINEZ,Argentina,1,4.6,3.62,3.361547262794322,44.10030984709172
Louicius DEEDSON,Haiti,0,4.2,3.1,2.701851217221259,39.95327102803739
Luc DE FOUGEROLLES,Canada,1,3.5,2.48,3.5355339059327378,33.76136735773484
Luca JAQUEZ,Switzerland,1,3.5,1.58,0.8366600265340756,2.7199788397108096
Luca ZIDANE,Algeria,2,3.8,2.25,1.2247448713915878,14.392775272690633
Lucas BERGVALL,Sweden,3,5.1,2.54,1.3038404810405304,-17.752600952213015
Lucas Digne,France,1,5.0,3.83,2.645751311064589,34.21480212610524
Lucas HERNANDEZ,France,1,5.2,3.58,4.636809247747851,23.082348792100163
Luis CHAVEZ,Mexico,3,6.3,2.71,1.6431676725154982,-37.775524598836185
Luis DIAZ,Colombia,0,8.1,4.34,3.97492138287036,-4.184195279240242
Luis SUAREZ,Colombia,0,5.7,3.02,0.5477225575051675,-10.350278358566129
Lukas CERV,Czechia,3,5.3,3.25,2.302172886644267,9.843313096707547
Lukas HORNICEK,Czechia,2,3.8,3.32,2.449489742783176,63.79197420459983
Lukas PROVOD,Czechia,0,5.9,3.53,0.4472135954999579,5.444995843514633
Lyle FOSTER,South Africa,0,5.4,3.22,1.6431676725154982,6.818525329369976
Lyndon DYKES,Scotland,0,4.6,3.61,2.949576240750524,43.90004282439479
MARQUINHOS,Brazil,1,5.2,4.36,4.242640687119285,35.0316144796836
MATHEUS CUNHA,Brazil,0,7.3,4.66,2.8284271247461907,2.9353603546867504
MATHEUS NUNES,Portugal,1,6.1,3.01,3.114482300479484,-19.173992996951917
MAURICIO,Paraguay,3,4.6,1.68,0.8944271909999159,-32.468448497367554
MERCHAS DOSKI,Iraq,1,3.8,2.81,3.9370039370059056,42.49691412449303
MOHAMED ABDELMONEIM,Egypt,1,4.0,2.82,0.5477225575051671,34.87606116331209
MOHAMED KANNO,Saudi Arabia,3,5.1,1.13,0.5,-56.0036022873265
MOHAMED MANAI,Qatar,0,3.6,2.43,0.5477225575051664,28.997783207799078
MOHAMED SALAH,Egypt,0,10.0,3.69,3.2863353450309947,-14.545809507015633
MOHANAD ALI,Iraq,0,4.9,1.71,0.0,-41.57807894803134
MOTEB ALHARBI,Saudi Arabia,1,4.1,1.09,0.5773502691896257,-21.162808272665444
MUSAB ALJUWAYR,Saudi Arabia,3,4.1,0.93,0.0,-21.429830969594683
Maghnes AKLIOUCHE,France,0,6.4,4.16,1.8165902124584965,5.339824168073164
Malick THIAW,Germany,1,4.7,2.67,0.4472135954999313,2.541753784920772
Malo GUSTO,France,1,5.1,3.57,3.0822070014844876,24.570496511071354
Mamadou SARR,Senegal,1,4.7,2.52,2.701851217221262,-4.40083633523944
Manu KONE,France,3,6.1,3.27,1.51657508881031,-8.226062422853119
Manuel AKANJI,Switzerland,1,5.0,2.32,3.741657386773942,-25.865304682973527
Manuel NEUER,Germany,2,5.0,2.57,4.08656334834051,-12.847948207673127
Manuel UGARTE,Uruguay,3,5.9,1.38,0.0,-72.32536463712623
Marc CUCURELLA,Spain,1,5.1,2.35,2.6076809620810595,-27.8994634355241
Marc GUEHI,England,1,5.1,4.55,1.7888543819998308,38.72269944832102
Marc PUBILL,Spain,1,4.2,2.47,2.509980079602226,9.979973297730304
Marcel SABITZER,Austria,3,6.8,2.36,0.4472135954999582,-61.39506763735295
Marcelo FLORES,Canada,3,,1.84,0.4472135954999579,
Marco FRIEDL,Austria,1,4.3,2.82,3.3615472627943213,23.690077335818827
Marcos LLORENTE,Spain,1,5.5,2.22,0.4472135954999617,-41.86462453082097
Marcus RASHFORD,England,0,7.5,3.65,2.7748873851023212,-10.896289392145505
Marcus THURAM,France,0,7.5,4.71,2.302172886644266,2.5216011285487525
Mark FLEKKEN,Netherlands,2,4.7,3.24,2.774887385102321,28.109177015895412
Marko ARNAUTOVIC,Austria,0,6.0,2.94,1.8708286933869704,-19.081416731742948
Marko STAMENIC,New Zealand,3,5.6,3.03,1.6431676725154982,-7.120185404438637
Marten DE ROON,Netherlands,3,5.1,2.44,0.0,-22.625765171171636
Martin ZLOMISLIC,Bosnia and Herzegovina,2,3.5,2.95,3.361547262794322,57.12585333904325
Martin ZUBIMENDI,Spain,3,6.1,1.34,0.4472135954999579,-78.51978738947528
Marvin KELLER,Switzerland,2,3.7,1.85,3.0000000000000004,3.742096380079098
Marvin SENAYA,Ghana,1,3.5,2.33,3.033150177620621,26.151220495251536
Matej KOVAR,Czechia,2,4.1,3.32,2.9154759474226504,52.20167770864296
Mateo CHAVEZ,Mexico,1,3.5,3.16,3.03315017762062,66.4716477315666
Mathew LECKIE,Australia,0,4.7,1.93,0.5477225575051662,-29.367458498123284
Mathew RYAN,Australia,2,4.1,2.53,3.911521443121588,16.88792603975111
Mathias OLIVERA,Uruguay,1,4.3,2.18,2.60768096208106,-8.886691689548332
Matias FERNANDEZ-PARDO,Belgium,0,5.6,4.5,2.949576240750525,25.990629014787004
Matias GALARZA,Paraguay,3,4.8,1.96,0.5477225575051662,-31.40161725067386
Matias VINA,Uruguay,1,4.3,2.43,1.303840481040531,3.93039776305514
Mats WIEFFER,Netherlands,1,4.8,3.58,9.316651759081694,36.155125072423616
Matthew GARBETT,New Zealand,3,5.0,2.3,0.547722557505166,-27.000151144922796
Mattias SVANBERG,Sweden,3,6.1,2.21,2.3874672772626644,-57.157971635136164
Maxence Lacroix,France,1,4.5,3.78,3.209361307176243,50.265133385394364
Maxi ARAUJO,Uruguay,1,6.4,2.84,3.577708763999663,-31.843086379323367
Maxim DE CUYPER,Belgium,1,4.7,3.48,5.594640292279744,35.91959090107565
Maximilian BEIER,Germany,0,6.5,3.63,3.492849839314595,-5.092954127515924
Memphis DEPAY,Netherlands,0,7.4,3.07,2.1679483388678804,-30.312114265561632
Michael Gregoritsch,Austria,0,6.0,4.38,3.807886552931955,16.899891679472006
Michael OLISE,France,0,9.5,5.38,3.492849839314592,0.4124996851147529
Michael SVOBODA,Austria,1,3.8,2.89,0.8366600265340752,45.834697836108525
Michael WOUD,New Zealand,2,3.7,2.85,0.957427107756338,47.734085699171224
Michal SADILEK,Czechia,3,5.6,2.65,0.4472135954999579,-25.811774189485362
Michel AEBISCHER,Switzerland,3,5.9,1.47,0.5477225575051663,-71.12376250094465
Micky VAN DE VEN,Netherlands,1,5.1,3.84,2.701851217221265,31.17930826007003
Miguel ALMIRON,Paraguay,0,6.0,2.49,0.5477225575051662,-41.044033554172856
Mike MAIGNAN,France,2,5.0,3.88,3.3615472627943213,34.94911454266065
Mike PENDERS,Belgium,2,3.5,3.34,0.8366600265340742,72.5464140867068
Mikel MERINO,Spain,3,6.2,1.9,2.345207879911715,-71.2698692596418
Mikel OYARZABAL,Spain,0,8.1,2.93,4.43846820423443,-40.09874801622289
Miro MUHEIM,Switzerland,1,4.0,1.68,1.3038404810405295,-12.3202005189309
Mohamed AMOURA,Algeria,0,3.5,2.75,1.5165750888103016,47.04574652996448
Mohamed HADJ MAHMOUD,Tunisia,3,4.2,1.9,0.5773502691896258,-13.251001335113486
Mohamed TOURE,Australia,0,5.0,3.0,4.277849927241487,7.24550973625211
Moise BOMBITO,Canada,1,4.1,3.7,3.130495168499705,63.3498753054387
Moises CAICEDO,Ecuador,3,6.8,2.32,0.4472135954999579,-63.26422651585763
Moises RAMIREZ,Ecuador,2,3.9,2.42,3.7416573867739418,18.760863541325538
Mojmir CHYTIL,Czechia,0,4.9,2.28,0.7071067811865476,-23.353779882610777
Montassar TALBI,Tunisia,1,3.9,4.01,2.509980079602227,75.70345366148575
Morgan ROGERS,England,3,7.2,4.19,3.6742346141747673,-0.9326901277174642
Mortadha BEN OUANES,Tunisia,0,5.0,4.18,2.6832815729997477,38.153386905811516
Morten Thorsby,Norway,3,5.6,1.69,0.4472135954999579,-62.52739501725572
Mory DIAW,Senegal,2,3.8,2.63,1.3416407864998718,32.283295966949645
Moussa Niakhate,Senegal,1,4.3,2.66,2.6076809620810586,14.411038617527772
Munir EL KAJOUI,Morocco,2,4.0,2.77,4.549725266430929,32.07232284555508
NASSER ALDAWSARI,Saudi Arabia,3,5.2,1.71,1.5,-51.483739325389834
NELSON SEMEDO,Portugal,1,4.3,2.71,3.3615472627943217,17.615310980678636
NUNO MENDES,Portugal,1,5.8,2.5,3.130495168499708,-35.59148046451874
Nabil Bentaleb,Algeria,3,5.5,1.95,0.4472135954999579,-51.34393027180896
Nadhir BENBOUALI,Algeria,0,4.2,1.7,0.4472135954999561,-18.05740987983979
Nadiem Amiri,Germany,3,6.3,2.45,2.509980079602227,-50.325591354510415
Nahuel MOLINA,Argentina,1,4.4,2.57,3.033150177620621,7.232914326019596
Nathan AKE,Netherlands,1,5.0,3.83,3.1304951684997055,34.21480212610524
Nathan NGOY,Belgium,1,3.7,4.52,2.0736441353327737,88.45504698088016
Nathan PATTERSON,Scotland,1,4.0,2.76,3.0,31.271254754767366
Nathaniel BROWN,Germany,1,4.7,2.79,0.9999999999999996,9.217321208151745
Nayef AGUERD,Morocco,1,4.3,2.55,0.8366600265340712,10.005164118195331
Neil EL AYNAOUI,Morocco,3,5.6,2.48,3.3911649915626345,-33.421921051968674
Nick WOLTEMADE,Germany,0,7.2,2.68,2.6076809620810595,-46.994105348011196
Nico ELVEDI,Switzerland,1,4.3,2.11,3.1144823004794904,-11.223140287679172
Nico GONZALEZ,Argentina,0,5.6,3.47,5.049752469181039,8.767665062851094
Nico OREILLY,England,1,4.7,4.26,3.4205262752974117,50.472327883719174
Nico PAZ,Argentina,3,5.9,3.55,3.674234614174768,6.0457969116054215
Nico SCHLOTTERBECK,Germany,1,5.3,3.06,3.6469165057620927,1.6323651661334537
Nico WILLIAMS,Spain,0,7.8,3.05,5.495452665613635,-33.87661536136232
Nicolas JACKSON,Senegal,0,6.7,2.68,2.6076809620810595,-44.231302113509834
Nicolas OTAMENDI,Argentina,1,4.4,3.17,2.607680962081057,35.604075874751246
Nicolas RASKIN,Belgium,3,5.3,4.15,2.5099800796022262,29.80325969216817
Nicolas SEIWALD,Austria,3,5.6,2.27,0.5477225575051662,-44.03607325490592
Nicolas TAGLIAFICO,Argentina,1,4.3,2.94,2.387467277262677,28.897019925938984
Nidal CELIK,Bosnia and Herzegovina,1,3.5,2.49,1.303840481040529,34.56243544852256
Nihad MUJAKIC,Bosnia and Herzegovina,1,3.6,2.51,3.1144823004794877,33.00312366173766
Niko SIGUR,Canada,3,4.9,1.95,0.5,-34.96926719903267
Nikola KATIC,Bosnia and Herzegovina,1,3.8,3.42,4.4944410108488455,66.66246819658916
Nikola VASILJ,Bosnia and Herzegovina,2,4.0,2.69,1.5165750888103136,27.933471043151872
Nilson ANGULO,Ecuador,0,6.0,2.6,0.5477225575051594,-35.83709096405269
Noa LANG,Netherlands,0,5.9,2.86,0.8944271909999159,-19.588381993601523
Noah OKAFOR,Switzerland,0,5.9,2.93,4.604345773288535,-16.918155024309137
Noni MADUEKE,England,0,6.1,3.03,0.5477225575051702,-18.306169231931896
Noussair MAZRAOUI,Morocco,1,4.4,2.82,3.4928498393145966,19.91649243015845
OMAR MARMOUSH,Egypt,0,7.8,3.65,2.683281572999749,-12.64831095548783
Obed VARGAS,Mexico,3,4.7,2.59,1.224744871391589,-1.1965639720885761
Oliver Baumann,Germany,2,4.3,2.63,2.7748873851023212,12.80890243595234
Ollie WATKINS,England,0,7.9,5.01,5.449770637375486,1.3653424692042222
Omar ALDERETE,Paraguay,1,4.1,2.52,4.27784992724149,16.353880645892634
Omar Rekik,Tunisia,1,3.8,1.84,0.4472135954999579,0.2405723354409659
Orbelin PINEDA,Mexico,3,6.2,2.92,0.4472135954999579,-26.07627780436809
Orjan NYLAND,Norway,2,4.2,2.41,2.073644135332772,7.10947930574099
Oscar BOBB,Norway,0,5.1,2.31,0.4472135954999579,-29.902133662493394
Oston URUNOV,Uzbekistan,0,5.6,2.63,0.5477225575051662,-26.746353628737694
Otabek Shukurov,Uzbekistan,3,5.0,2.2,0.7071067811865476,-31.072247273093687
Ousmane DEMBELE,France,0,10.0,4.73,5.176871642217913,-1.928987077109099
PEDRI,Spain,3,8.1,2.2,1.516575088810311,-75.47925535934706
PEDRO MIGUEL,Qatar,3,3.9,2.19,1.9235384061671348,7.278887573368262
PEDRO NETO,Portugal,0,6.4,3.46,1.643167672515497,-8.345089049550339
Pape GUEYE,Senegal,3,5.9,2.27,0.4472135954999579,-49.561679723908604
Pape Matar SARR,Senegal,3,5.6,2.29,1.224744871391589,-43.03473814142127
Pascal GROSS,Germany,3,5.6,2.52,1.3416407864998738,-31.08547245383783
Pathe CISS,Senegal,3,5.6,1.92,0.5477225575051662,-56.58614001058015
Patrick BERG,Norway,3,5.6,2.33,0.0,-41.03206791445198
Patrick PENTZ,Austria,2,4.6,3.18,3.361547262794322,30.815930674862088
Patrick WIMMER,Austria,0,6.0,3.42,2.23606797749979,-0.7903619920900837
Patrik Schick,Czechia,0,7.3,5.88,6.519202405202651,6.40665541476686
Pau CUBARSI,Spain,1,5.0,2.83,2.7386127875258293,0.30291961609189144
Paul Izzo,Australia,2,3.6,2.77,3.130495168499705,45.95372446280575
Paul WANNER,Austria,3,5.6,3.37,3.714835124201342,5.563392699700216
Pavel SULC,Czechia,3,5.9,2.15,2.6832815729997472,-55.23591203365493
Pedro PORRO,Spain,1,5.5,2.32,3.4351128074635366,-37.79252840265008
Pedro VITE,Ecuador,0,5.2,2.52,3.0,-20.84288485275966
Pervis ESTUPINAN,Ecuador,1,4.8,2.65,6.058052492344384,-2.496410308083739
Philipp Lienhart,Austria,1,4.3,2.79,3.492849839314594,22.08794115424339
Phillip MWENE,Austria,1,3.9,2.79,3.96232255123179,37.51920800060458
Piero HINCAPIE,Ecuador,1,4.7,2.39,2.607680962081059,-11.209915106935032
Prince ADU,Ghana,0,4.0,2.78,0.7071067811865478,32.67312391364587
Promise DAVID,Canada,0,5.4,4.11,1.516575088810311,27.379272992921386
Quinten TIMBER,Netherlands,3,6.8,2.71,0.8944271909999159,-43.638058291558565
RAFAEL LEAO,Portugal,0,7.8,3.02,1.923538406167138,-34.81119480061466
RAPHINHA,Brazil,0,8.2,8.43,9.984988733093294,1.8880519938534377
RAYAN,Brazil,0,5.6,4.36,2.073644135332772,24.789026878605426
RENATO VEIGA,Portugal,1,4.3,2.77,0.4472135954999579,20.88633901806182
RODRI,Spain,1,7.5,1.17,2.06155281280883,-93.33954706904804
ROGER IBANEZ,Brazil,1,4.4,4.21,3.492849839314596,58.83505050759503
RUBEN DIAS,Portugal,1,5.0,2.7,3.0495901363953797,-6.63967050406832
RUBEN NEVES,Portugal,3,5.9,3.29,2.16794833886788,-1.8981283220394403
RUI SILVA,Portugal,2,4.7,2.72,0.8944271909999166,5.27873642844547
Rafik BELGHALI,Algeria,1,3.5,2.67,2.2360679774997902,43.040406076025896
Ramiz ZERROUKI,Algeria,3,5.3,2.35,2.23606797749979,-32.27951734387989
Ramon SOSA,Paraguay,0,5.3,1.62,0.447213595499957,-55.91102602211754
Ramy BENSEBAINI,Algeria,1,4.4,2.69,5.495452665613634,12.97390230999823
Rani Khedira,Tunisia,3,4.7,2.9,1.51657508881031,13.82346273018112
Raul JIMENEZ,Mexico,0,7.0,3.29,0.5477225575051694,-19.283573065974764
Rayan AIT-NOURI,Algeria,1,4.9,2.74,3.130495168499708,-0.5900949693931565
Rayan CHERKI,France,3,8.0,3.14,1.8165902124584936,-30.28062573998035
Redouane HALHAL,Morocco,1,3.5,3.01,4.0,59.19527924024486
Remo FREULER,Switzerland,3,5.9,1.53,0.0,-70.25593873592463
Ricardo Ade,Haiti,0,3.5,1.68,0.4472135954999579,4.121847998589314
Ricardo GOSS,South Africa,0,3.7,3.49,2.5099800796022262,71.83288409703503
Ricardo RODRIGUEZ,Switzerland,1,4.5,1.92,3.1144823004794873,-23.49988664130791
Richard RIOS,Colombia,3,4.7,3.82,3.1144823004794873,44.66458422550822
Riechedly Bazoer,Curaçao,1,3.8,0.95,1.224744871391589,-9.706023125173187
Ritsu DOAN,Japan,0,5.1,3.47,1.51657508881031,21.09920145099126
Riyad Mahrez,Algeria,0,6.5,3.69,4.4721359549995805,-3.0902839005466234
Robin HRANAC,Czechia,1,3.9,2.84,4.037325847637271,39.92241227296773
Robin RISSER,France,2,3.5,3.72,2.91547594742265,83.5611003350379
Robin ROEFS,Netherlands,2,4.6,3.0,3.5071355833500357,22.13769302466182
Rodrigo AGUIRRE,Uruguay,0,5.6,1.85,0.5477225575051659,-58.52205456331714
Rodrigo BENTANCUR,Uruguay,3,6.0,1.81,0.547722557505166,-67.81305892132906
Rodrigo DE PAUL,Argentina,3,5.9,2.64,1.6431676725154984,-31.80467037811421
Rodrigo ZALAZAR,Uruguay,3,6.0,2.21,1.9999999999999971,-54.3951684006348
Romano SCHMID,Austria,3,6.0,3.9,2.5099800796022267,11.092148021261053
Romelu LUKAKU,Belgium,0,7.4,2.65,1.7888543819998317,-50.20530518678994
Ronald ARAUJO,Uruguay,1,5.0,1.83,0.4472135954999614,-43.288535657606374
Roshon VAN EIJMA,Curaçao,1,3.5,1.15,1.8708286933869696,-0.9515832430662268
Ross STEWART,Scotland,2,5.4,2.26,0.4472135954999579,-38.64208882283296
Ruben PROVIDENCE,Haiti,0,4.0,1.69,0.0,-11.786155125072423
Ruben VARGAS,Switzerland,0,6.8,2.03,1.6431676725154982,-74.54593546111798
Rustam ASHURMATOV,Uzbekistan,1,3.7,1.7,1.3416407864998725,0.2040456457666826
Ryan Christie,Scotland,3,5.6,2.42,2.5099800796022267,-36.22565936972568
Ryan GRAVENBERCH,Netherlands,3,6.1,3.18,2.3874672772626644,-10.963045066377816
Ryan THOMAS,New Zealand,3,5.3,2.56,0.5477225575051656,-21.131319747084163
SALEM ALDAWSARI,Saudi Arabia,0,7.2,1.82,1.1547005383792517,-82.77514673652922
SAMU COSTA,Portugal,3,5.6,2.87,2.7928480087537886,-13.728997153437298
SAUD ABDULHAMID,Saudi Arabia,1,4.1,2.18,3.4205262752974117,-1.0025946545079023
Sadio MANE,Senegal,0,7.6,4.31,2.04939015319192,-2.360379877572612
Samir CHERGUI,Algeria,1,4.0,1.95,2.949576240750525,-4.376275285286042
Samir EL MOURABET,Morocco,3,4.7,2.49,3.3911649915626336,-5.936216842582567
Sander BERGE,Norway,3,4.7,2.01,0.547722557505166,-26.763987203063202
Sander TANGVIK,Norway,2,3.5,2.74,3.714835124201342,46.444945461873694
Santiago ARIAS,Colombia,1,3.9,1.98,0.4472135954999581,0.6700758243696008
Santiago BUENO,Uruguay,1,4.1,2.48,3.7148351242013424,14.01743204776179
Santiago GIMENEZ,Mexico,0,6.8,3.41,0.4472135954999579,-14.599340000503815
Sasa KALAJDZIC,Austria,0,6.0,2.94,1.6431676725154984,-19.081416731742948
Scott MCKENNA,Scotland,1,3.8,2.49,1.140175425099133,26.40879663450638
Scott McTominay,Scotland,3,6.5,3.16,2.738612787525829,-19.51217976169484
Sead KOLASINAC,Bosnia and Herzegovina,1,4.3,2.48,1.1401754250991392,6.133335012721361
Sebastian CACERES,Uruguay,1,4.2,3.06,2.6076809620810506,37.683578104138846
Sebastian TOUNEKTI,Tunisia,0,4.4,2.93,0.5477225575051675,24.3891226037232
Senne LAMMENS,Belgium,2,4.6,4.22,3.1304951684997055,53.84663828500895
Sergio ROCHET,Uruguay,2,4.1,2.3,3.286335345030997,4.738393329470735
Sherel FLORANUS,Curaçao,1,3.6,1.41,3.56370593624109,-1.843338287528025
Sherzod ESANOV,Uzbekistan,3,4.7,2.39,2.6076809620810595,-11.209915106935032
Shogo TANIGUCHI,Japan,1,3.9,3.15,0.4472135954999635,53.47381414212661
Shurandy SAMBO,Curaçao,1,3.6,1.15,1.949358868961793,-3.5122301433357688
Silvan WIDMER,Switzerland,1,4.2,1.43,2.1908902300206647,-22.19626168224299
Sofyan AMRABAT,Morocco,3,5.9,1.99,0.5477225575051647,-59.50827518452276
Sontje HANSEN,Curaçao,0,4.4,1.97,2.449489742783178,-18.668287276116587
Stefan POSCH,Austria,1,4.3,3.2,1.414213562373095,40.17872887119933
Stepan CHALOUPEK,Czechia,1,3.5,2.69,3.1144823004794877,44.37551956067209
Stephen EUSTAQUIO,Canada,3,5.0,2.32,0.4472135954999579,-25.865304682973527
Stjepan RADELJIC,Bosnia and Herzegovina,1,3.7,3.09,3.361547262794322,57.48041413708845
TOMAS ARAUJO,Portugal,1,4.1,3.18,2.509980079602227,47.66229186084591
TREZEGUET,Egypt,0,5.6,2.54,0.4472135954999577,-30.08413734035318
Taha ALI,Sweden,0,4.9,2.67,1.949358868961794,-3.9946343552409544
Tahith CHONG,Curaçao,0,4.2,1.9,0.4472135954999579,-13.251001335113486
Tajon BUCHANAN,Canada,0,5.5,3.54,2.16794833886788,15.077965589339243
Takefusa KUBO,Japan,0,7.0,2.84,0.7071067811865477,-37.9751618510215
Takehiro TOMIYASU,Japan,1,4.9,2.68,2.9999999999999987,-3.1935662644532385
Tani OLUWASEYI,Canada,0,4.9,2.92,1.6431676725154984,8.088142680807117
Tarik MUHAREMOVIC,Bosnia and Herzegovina,1,3.9,3.26,3.361547262794322,57.4791545960652
Tete YENGI,Australia,0,4.3,2.41,0.4472135954999578,2.6620399526412584
Teun KOOPMEINERS,Netherlands,3,6.2,2.36,0.4472135954999579,-53.71312693654433
Thelo AASGAARD,Norway,3,5.5,2.05,2.489979919597747,-48.339924931355014
Theo HERNANDEZ,France,1,5.0,4.69,2.7386127875258284,43.29357382169937
Thiago ALMADA,Argentina,0,6.5,2.67,0.0,-42.943421417235555
Thibaut COURTOIS,Belgium,2,4.9,4.03,3.1304951684997047,40.998690077335816
Thomas MEUNIER,Belgium,1,4.8,4.79,4.604345773288535,51.77595284278409
Thomas PARTEY,Ghana,3,6.2,1.81,0.7071067811865476,-73.4060508350757
Tijjani REIJNDERS,Netherlands,3,6.5,2.48,1.7320508075688772,-52.22246013552661
Timothy CASTAGNE,Belgium,1,4.7,3.91,2.9664793948382657,46.400231755548276
Tino LIVRAMENTO,England,1,4.6,2.66,4.2661458015403095,5.448774466584382
Tomas CHORY,Czechia,0,5.3,3.08,0.5477225575051653,2.633700279618104
Tomas HOLES,Czechia,1,3.9,2.14,0.5477225575051672,4.875683301005111
Tomas SOUCEK,Czechia,3,5.6,2.94,2.3874672772626644,-10.65823613875105
Torbjorn HEGGEM,Norway,1,3.7,1.89,3.420526275297414,4.5431644708668175
Tsuyoshi Watanabe,Japan,1,4.3,3.95,3.361547262794321,59.60463007280148
Tyler BINDON,New Zealand,1,3.6,2.97,9.451631252505216,55.166007506864496
Tyrese NOSLIN,Curaçao,3,3.5,1.48,3.714835124201342,1.785399400458473
Unai SIMON,Spain,2,5.0,2.42,2.7748873851023217,-20.52485074438875
VINICIUS JUNIOR,Brazil,0,10.0,7.51,3.834057902536163,0.34070584678941884
VITINHA,Portugal,3,6.4,2.19,0.5477225575051652,-64.48661107892283
Valentin BARCO,Argentina,3,6.2,2.46,2.6076809620810595,-48.30591732372724
Victor LINDELOF,Sweden,1,4.0,3.66,3.492849839314593,65.7839383328715
Victor MUNOZ,Spain,0,4.0,2.09,0.4472135954999578,-0.6379575282766936
Viktor GYOKERES,Sweden,0,7.8,4.62,5.856620185738529,-0.3652668967428383
Virgil VAN DIJK,Netherlands,1,5.5,4.07,5.540758070878026,25.091316724185702
Vladimir COUFAL,Czechia,1,3.6,3.27,2.701851217221259,67.58256291407412
Vladimir DARIDA,Czechia,3,5.3,2.49,0.4472135954999579,-24.669370481396584
WESLEY,Brazil,1,,3.82,6.14817045957576,
WEVERTON,Brazil,2,4.5,3.33,2.8722813232690143,38.249112023578604
Waldemar ANTON,Germany,1,3.9,2.77,2.5099800796022262,36.317605864423
Warren ZAIRE-EMERY,France,3,6.1,3.17,2.073644135332772,-11.36357911177167
Wataru ENDO,Japan,3,6.0,2.2,0.5477225575051665,-55.19623649142252
Wilguens PAUGAIN,Haiti,1,3.5,1.62,3.1144823004794864,3.3207799078015965
William SALIBA,France,1,5.3,4.89,2.167948338867879,36.94611683502531
Willian PACHO,Ecuador,1,4.4,3.16,3.7416573867739418,35.070030480892754
Wilson Isidor,Haiti,0,5.0,2.17,2.7386127875258306,-33.475451545456835
Wout WEGHORST,Netherlands,0,5.5,4.33,2.302172886644267,28.028566390407335
Xaver Schlager,Austria,3,5.5,2.63,0.5477225575051662,-22.97276872307731
Yaimar MEDINA,Ecuador,1,3.5,1.89,3.1304951684997055,9.462301937174095
Yan Valery,Tunisia,1,3.9,2.81,1.4832396974191324,38.45378743985691
Yasin AYARI,Sweden,3,5.3,2.38,1.732050807568877,-30.47711413960753
Yassin FORTUNE,Haiti,0,4.2,2.28,1.51657508881031,0.5006675567423251
Yassine BOUNOU,Morocco,2,4.7,3.39,3.033150177620621,32.91558556062171
Yassine TITRAOUI,Algeria,3,4.7,2.01,0.4472135954999588,-26.763987203063202
Yehvann DIOUF,Senegal,2,3.9,2.82,2.3874672772626644,39.12134418218001
Yeremy PINO,Spain,0,5.9,1.9,0.4472135954999579,-62.779303221905934
Yerry MINA,Colombia,1,4.2,3.71,4.024922359499622,60.04672897196261
Youri TIELEMANS,Belgium,3,6.1,3.38,2.23606797749979,-5.422324105096109
Yuito SUZUKI,Japan,0,5.0,4.48,4.604345773288535,41.424414943194705
Yukinari Sugawara,Japan,1,4.4,3.14,2.701851217221261,33.66816132201426
Yuto NAGATOMO,Japan,1,3.7,2.24,1.3038404810405233,17.093231226541047
Yvon MVOGO,Switzerland,2,4.2,2.08,3.492849839314596,-7.6435246995994675
ZIDANE IQBAL,Iraq,3,5.6,1.76,0.4472135954999578,-60.3244577675895
ZIZO,Egypt,0,4.3,2.83,0.8366600265340756,24.157367055444993
Zakaria EL OUAHDI,Morocco,1,4.1,4.05,7.231873892705818,68.55681789555886
Zeki AMDOUNI,Switzerland,0,4.9,1.69,2.6832815729997477,-42.379147038819056
Zeno DEBAST,Belgium,1,4.3,3.99,2.4899799195977463,59.93840844396302
Zineddine BELAID,Algeria,1,3.7,2.36,3.5777087639996634,22.56719651359045
Zion Suzuki,Japan,2,4.3,3.47,3.361547262794321,48.32292112754113
